{
  "project_info": {
    "project_number": "140027017852",
    "project_id": "ndproject-99844",
    "storage_bucket": "ndproject-99844.appspot.com"
  },
  "client": [
    {
      "client_info": {
        "mobilesdk_app_id": "1:140027017852:android:7e60f8b6b29af291e3e7f9",
        "android_client_info": {
          "package_name": "com.shalabydev.sports_zone"
        }
      },
      "oauth_client": [
        {
          "client_id": "140027017852-jv5o74o4jqr3e8qm0eatkq320dc3s00e.apps.googleusercontent.com",
          "client_type": 3
        }
      ],
      "api_key": [
        {
          "current_key": "AIzaSyCgvkDrZ-3k09bk2t-PiOGMnKFx5NKTl3w"
        }
      ],
      "services": {
        "appinvite_service": {
          "other_platform_oauth_client": [
            {
              "client_id": "140027017852-jv5o74o4jqr3e8qm0eatkq320dc3s00e.apps.googleusercontent.com",
              "client_type": 3
            },
            {
              "client_id": "140027017852-8bgrpsd8bcqlverh5qe1dmt9qjlr6cd4.apps.googleusercontent.com",
              "client_type": 2,
              "ios_info": {
                "bundle_id": "com.example.practice2"
              }
            }
          ]
        }
      }
    }
  ],
  "configuration_version": "1"
}